<?xml version="1.0" encoding="UTF-8"?>

<beans xmlns="http://www.springframework.org/schema/beans"
	xmlns:context="http://www.springframework.org/schema/context"
	xmlns:p="http://www.springframework.org/schema/p"
	xmlns:xsi="http://www.w3.org/2001/XMLSchema-instance"
	xmlns:mvc="http://www.springframework.org/schema/mvc"
	xsi:schemaLocation="http://www.springframework.org/schema/mvc http://www.springframework.org/schema/mvc/spring-mvc-4.3.xsd
      http://www.springframework.org/schema/beans http://www.springframework.org/schema/beans/spring-beans-4.3.xsd
      http://www.springframework.org/schema/context http://www.springframework.org/schema/context/spring-context-4.3.xsd">


<context:component-scan base-package="uni.*"/>
<bean id="viewResolver"
      class="org.springframework.web.servlet.view.InternalResourceViewResolver">
      <property name="prefix" value="/WEB-INF/view/" />
      <property name="suffix" value=".jsp" />
  <property name="order"  value="1" />
   </bean>
<!-- BeanNameViewResolver 설정 --> 
<bean class="org.springframework.web.servlet.view.BeanNameViewResolver">
  <property name="order" value="0" />
</bean> 

   <mvc:annotation-driven>
      <mvc:message-converters>
         <bean
            class="org.springframework.http.converter.StringHttpMessageConverter">
            <property name="supportedMediaTypes">
               <list>
                  <value>text/html;charset=UTF-8</value>
               </list>
            </property>
         </bean>
      </mvc:message-converters>
   </mvc:annotation-driven>
   
   <!-- <mvc:interceptors>
      <mvc:interceptor>    
         <mvc:mapping path="/event/list.do" />
         <bean class=uni.pro.AuthLoginInterceptor" />
      </mvc:interceptor>

      <mvc:interceptor>
         <mvc:mapping path="/**" />
         <bean
            class="org.springframework.web.servlet.i18n.LocaleChangeInterceptor"
            p:paramName="language" />
      </mvc:interceptor>
   </mvc:interceptors> -->


   


   <bean
      class="org.springframework.web.servlet.i18n.SessionLocaleResolver"
      id="localeResolver" />

   <!-- 프로퍼티스 경로를 가져오는 것.. -->
   <bean id="messageSource"
      class="org.springframework.context.support.ResourceBundleMessageSource">
      <property name="basenames">
         <list>
            <value>messages.validation</value>
         </list>
      </property>
   </bean>

   <mvc:interceptors>
      <mvc:interceptor>
         <mvc:mapping path="/**" />
         <bean
            class="org.springframework.web.servlet.i18n.LocaleChangeInterceptor"
            p:paramName="language" />
      </mvc:interceptor>
   </mvc:interceptors>

   <bean id="CounselingDao" class="uni.pro.service.CounselingDao"
      p:sqlSessionFactory-ref="sqlSessionFactory" />
      
    <bean id="ReportDao" class="uni.pro.service.ReportDao"
      p:sqlSessionFactory-ref="sqlSessionFactory" />
 
     
<!-- 파일 다운로드를 처리할 클래스를 빈(bean)으로 등록 -->
<bean id="fileDownloadUtil" class="uni.pro.down.FileDownloadUtil" />






      
      
</beans>
