<?xml version="1.0" encoding="UTF-8"?>
<beans xmlns="http://www.springframework.org/schema/beans"
   xmlns:xsi="http://www.w3.org/2001/XMLSchema-instance"
   xmlns:context="http://www.springframework.org/schema/context"
   xmlns:p="http://www.springframework.org/schema/p"
   xmlns:tx="http://www.springframework.org/schema/tx"
   xsi:schemaLocation="http://www.springframework.org/schema/beans http://www.springframework.org/schema/beans/spring-beans.xsd
      http://www.springframework.org/schema/context http://www.springframework.org/schema/context/spring-context-4.3.xsd
      http://www.springframework.org/schema/tx http://www.springframework.org/schema/tx/spring-tx-4.3.xsd">

   <context:property-placeholder location="classpath:db.properties" local-override="true"/> <!-- 해당  파일의 EL문 읽을수 잇음 -->

   <bean id ="dataSource" class = "org.apache.commons.dbcp2.BasicDataSource">
      <property name = "driverClassName" value="${driver}"/>
      <property name = "url" value="${url}" />
      <property name = "username" value="${username}" />
      <property name = "password" value="${password}" />
   </bean>
   
   <bean id="transactionManager"
      class="org.springframework.jdbc.datasource.DataSourceTransactionManager">
   <property name="dataSource" ref="dataSource" />
   </bean>
   <tx:annotation-driven transaction-manager="transactionManager" />
 
   
   <bean class = "org.mybatis.spring.SqlSessionFactoryBean" id = "sqlSessionFactory">
      <property name="dataSource" ref="dataSource"></property>
      <property name="mapperLocations" value="classpath:sql/*.xml"></property>
      <property name="configLocation" value = "classpath:config.xml"></property>
   </bean>

</beans>