<?xml version="1.0" encoding="UTF-8"?>
<!DOCTYPE mapper
PUBLIC "-//mybatis.org//DTD Mapper 3.0//EN"
"http://mybatis.org/dtd/mybatis-3-mapper.dtd">
<mapper namespace="Counseling">
<select id="counselectall" resultType="uni.pro.model.CounselingDto" parameterType="String">
select CS_NO,CS_DATE,CS_NM,CS_CON,CS_STATE,STU_NAME from counseling_tb  natural join student_tb where sub_cd=#{sub_cd} 
</select>
<select id="sublist" resultType="uni.pro.model.CounselingDto" parameterType="uni.pro.model.CounselingDto">
select sub_nm,sub_cd from subject_tb where prof_cd=2020201
</select>
<select id="subcou" resultType="hashmap" parameterType="int">
select cs_nm,cs_no,cs_state,stu_name,cs_date,cs_con,cs_state from counseling_tb natural join student_tb where cs_no LIKE #{cs_no}
</select>
<update id="ok" parameterType="int" >
		update counseling_tb set cs_state='승인' where cs_no = #{cs_no}
	</update>
<update id="not" parameterType="int">
		update counseling_tb set cs_state='미승인' where cs_no = #{cs_no}
	</update>
<delete id="delete" parameterType="int" >
delete from counseling_tb where cs_no =#{cs_no}
</delete>
</mapper>