<?xml version="1.0" encoding="UTF-8"?>
<!DOCTYPE mapper
PUBLIC "-//mybatis.org//DTD Mapper 3.0//EN"
"http://mybatis.org/dtd/mybatis-3-mapper.dtd">

<mapper namespace="profile">

	<insert id="updateintro" parameterType="map">
		update User u inner join
		profile p on u.user_name = p.user_id
		set u.nick_name = #{nick_name},
		p.introduce = #{introduce},
		u.image = #{image}
		where u.user_name =
		#{user_id}
	</insert>

	<update id="updatetag" parameterType="spring.model.ProfileDto">
		update profile
		set tag =
		#{tag},sub_tag = #{sub_tag}
		where user_id= #{user_id}

	</update>
	<select id="tags" resultType="spring.model.TagDto">
		select no, name from tag
	</select>
	<select id="sub_tags" resultType="spring.model.Sub_tagDto"
		parameterType="int">
		select * from sub_tag where tag_no=#{tag_no} order by no
	</select>

	<update id="updateImage" parameterType="spring.model.UserDto">
		update user
		set image =
		#{image}
		where user_name = #{user_name};
	</update>

	<insert id="updateskill" parameterType="spring.model.ProfileDto">
		update profile
		set skill =
		#{skill}
		where user_id = #{user_id}
	</insert>

	<select id="sub_tagOne" resultType="spring.model.Sub_tagDto"
		parameterType="int">
		select s.name,t.name from sub_tag s inner join tag t  
		on s.tag_no = t.no
		where s.no = #{no}
	</select>


</mapper>   
